horizon,anchor_horizon,selected_config_id,selected_iterations,n_features,n_train,n_calibration,n_validation,n_test,q_hat,q_level,validation_mae,validation_rmse,validation_coverage,validation_width,validation_interval_score,test_mae,test_rmse,test_coverage,test_width,test_interval_score,model_path
1,1,base,345,21,25516,8607,8437,8381,0.5952297176076371,0.8001626583013826,6.171075310148833,8.602942364477313,0.8025364466042432,19.73550526314065,29.626186967025816,6.916341229554572,9.72747976571734,0.77079107505071,20.280968749474994,33.9466988256324,models\catboost_cqr_horizon_extension\catboost_multiquantile_h01.joblib
2,1,base,345,21,25515,8607,8437,8381,1.1402024552561323,0.8001626583013826,8.863914729892965,11.894279449019791,0.8006400379281735,28.37705333054688,40.55019720541849,9.983827926411319,13.396918065024579,0.7589786421668059,29.004183040267847,46.905590043655515,models\catboost_cqr_horizon_extension\catboost_multiquantile_h02.joblib
3,4,base,276,21,25514,8607,8437,8381,1.2155355131894963,0.8001626583013826,10.384906135327512,13.602140153169838,0.7983880526253407,33.274930677793456,46.13846532210164,11.677152868838164,15.356552031721302,0.75492184703496,34.30819624776649,53.24884782483763,models\catboost_cqr_horizon_extension\catboost_multiquantile_h03.joblib
4,4,base,276,21,25513,8607,8437,8381,1.396580399114434,0.8001626583013826,11.338907516701054,14.65000090667702,0.7903283157520445,35.8441941604629,49.701224800933915,12.9218103921481,16.64760511396279,0.7329674263214414,36.48960905804951,58.456629741625264,models\catboost_cqr_horizon_extension\catboost_multiquantile_h04.joblib
5,4,base,276,21,25512,8607,8437,8381,1.5383344490438304,0.8001626583013826,11.960554131734407,15.36665185969327,0.789143060329501,37.8153177592844,52.110162690813965,13.708610318332608,17.509045082365624,0.7248538360577497,38.409388431068066,61.748593989832905,models\catboost_cqr_horizon_extension\catboost_multiquantile_h05.joblib
6,4,base,276,21,25511,8607,8437,8381,1.4052796535747802,0.8001626583013826,12.341065213863526,15.836339637197911,0.7851131918928529,38.87018801320827,53.947105273055435,14.28538591133971,18.127450117090927,0.7161436582746689,39.37809955766082,64.9266744835028,models\catboost_cqr_horizon_extension\catboost_multiquantile_h06.joblib
7,4,base,276,21,25510,8607,8437,8381,1.6444737053037883,0.8001626583013826,12.654906287478623,16.17737455737767,0.7886689581604835,40.04578451007696,55.147110068602714,14.71257358377729,18.628232756829263,0.7197231833910035,40.95431997401854,66.45116367721242,models\catboost_cqr_horizon_extension\catboost_multiquantile_h07.joblib
8,4,base,276,21,25509,8607,8437,8381,1.7749989837291373,0.8001626583013826,12.875055342145567,16.40882250539123,0.7900912646675359,40.73097792179724,55.85781440720501,14.92428926406129,18.855753077655322,0.7186493258561031,41.59940792517861,67.13704006030257,models\catboost_cqr_horizon_extension\catboost_multiquantile_h08.joblib
9,12,regularized,475,21,25508,8607,8437,8381,2.0936080478000676,0.8001626583013826,13.056530452149063,16.620612553837276,0.7915135711745881,40.7706578550791,56.49326095469349,15.177100206084184,19.15510481290856,0.7063596229566877,40.68104680161791,68.62987006513983,models\catboost_cqr_horizon_extension\catboost_multiquantile_h09.joblib
10,12,regularized,475,21,25507,8607,8437,8381,2.2513221575501063,0.8001626583013826,13.159858993257858,16.702187559749717,0.789143060329501,41.23481243317385,56.95399662936793,15.351788055447127,19.344003413865906,0.7056437179334208,41.37481334378874,69.1722224167496,models\catboost_cqr_horizon_extension\catboost_multiquantile_h10.joblib
11,12,regularized,475,21,25506,8607,8437,8381,2.2063786844321953,0.8001626583013826,13.258182233280925,16.851207353980975,0.7945952352732014,41.694417318765005,57.37244750647895,15.380252041050607,19.409498173658218,0.7070755279799547,41.78544551491537,69.51582749579963,models\catboost_cqr_horizon_extension\catboost_multiquantile_h11.joblib
12,12,regularized,475,20,25505,8607,8437,8381,2.2859993303623156,0.8001626583013826,13.371464085217532,16.932400123805774,0.7951878629844732,41.980869593902895,57.325051973877905,15.482203613757177,19.468060499363766,0.6997971602434077,41.77218767364038,70.33385680147809,models\catboost_cqr_horizon_extension\catboost_multiquantile_h12.joblib
13,12,regularized,475,21,25504,8607,8437,8381,2.062289457647765,0.8001626583013826,13.362414364309986,16.94903290473026,0.788787483702738,41.95512383251112,57.606238131879465,15.635471086673212,19.694714363145867,0.6934733325378833,41.717297332729196,71.08783151297231,models\catboost_cqr_horizon_extension\catboost_multiquantile_h13.joblib
14,12,regularized,475,21,25503,8607,8437,8381,2.3543528907378573,0.8001626583013826,13.416561279055284,17.01867221299601,0.7932914543084034,42.31340853985606,57.88815387433301,15.705887217028156,19.743066055150045,0.6933540150340055,41.84457270761206,71.86837631071752,models\catboost_cqr_horizon_extension\catboost_multiquantile_h14.joblib
15,12,regularized,475,21,25502,8607,8437,8381,2.6327211663543224,0.8001626583013826,13.4531189034056,17.085572759740305,0.7937655564774209,42.63906975270109,58.12700942488645,15.787666613042386,19.847992544069996,0.6928767450184942,41.94579086807416,72.26595382509055,models\catboost_cqr_horizon_extension\catboost_multiquantile_h15.joblib
16,12,regularized,475,21,25501,8607,8437,8381,2.3380991543288587,0.8001626583013826,13.496264531653445,17.14928114231994,0.7847576152660899,42.306254200497776,58.39416223857182,15.889393391282255,19.975735888435803,0.6828540746927574,41.44090754831099,72.87289978764986,models\catboost_cqr_horizon_extension\catboost_multiquantile_h16.joblib
17,12,regularized,475,21,25500,8607,8437,8381,2.459850688517193,0.8001626583013826,13.532656304011104,17.21106418298356,0.78748370273794,42.55560538519162,58.7067366220261,15.962086673354355,20.08940200931802,0.6854790597780694,41.854708616547676,73.22809553617424,models\catboost_cqr_horizon_extension\catboost_multiquantile_h17.joblib
18,12,regularized,475,20,25499,8607,8437,8381,2.4344845852697006,0.8001626583013826,13.625836791907254,17.308755053368387,0.7898542135830271,42.53777529737974,58.78764280141059,16.1437797036961,20.29641311533054,0.6814222646462236,41.611547112609195,73.66058917734956,models\catboost_cqr_horizon_extension\catboost_multiquantile_h18.joblib
19,24,base,105,21,25498,8607,8437,8381,0.7423038666037356,0.8001626583013826,13.707951056283314,17.336152718080825,0.7845205641815811,42.816328705875335,58.643156701528106,16.1362443234494,20.280029924429662,0.6993198902278964,43.481759025174554,72.3047371394104,models\catboost_cqr_horizon_extension\catboost_multiquantile_h19.joblib
20,24,base,105,21,25497,8607,8437,8381,0.7152226475822254,0.8001626583013826,13.711267085434763,17.348329728061596,0.783809410928055,42.92697156182436,58.63920690752442,16.116868396386334,20.29533340918608,0.6977687626774848,43.50521735119201,72.0835587633198,models\catboost_cqr_horizon_extension\catboost_multiquantile_h20.joblib
21,24,base,105,20,25496,8607,8437,8381,0.7264397656119153,0.8001626583013826,13.719937159147849,17.366077101585418,0.7849946663505986,42.72834716117152,58.7500632351912,16.154165045344314,20.339605459574024,0.7007517002744302,43.315254334100985,72.25242684655062,models\catboost_cqr_horizon_extension\catboost_multiquantile_h21.joblib
22,24,base,105,20,25495,8607,8437,8381,0.7589732541177199,0.8001626583013826,13.70926948614873,17.36875121081412,0.7841649875548181,42.86212914522605,58.73997453979477,16.246133870038864,20.43047078573742,0.6997971602434077,43.466949614007646,72.21850775848473,models\catboost_cqr_horizon_extension\catboost_multiquantile_h22.joblib
23,24,base,105,20,25494,8607,8437,8381,0.7945566335638574,0.8001626583013826,13.7256926913825,17.408310864519404,0.7861799217731421,43.049621810920456,59.02234872544923,16.273427939001788,20.484190447442778,0.702899415344231,43.71378373345965,72.65515762205422,models\catboost_cqr_horizon_extension\catboost_multiquantile_h23.joblib
24,24,base,105,20,25493,8607,8437,8381,0.6392730834692291,0.8001626583013826,13.810671597783099,17.48008242722083,0.7776460827308285,42.960028522341744,59.23581250045546,16.364638170427693,20.574421402838404,0.695024460088295,43.489769291860085,73.27439589334553,models\catboost_cqr_horizon_extension\catboost_multiquantile_h24.joblib
